{"val/eval_auc_attr0_group0":0.7196029776674938,"val/eval_auc_attr3_group0":0.6444320119352088,"train/loss":0.0034560390460704055,"val/eval_auc_attr2_max_group_disparity":0.008300215771221758,"val/eval_dpd_attr2":0.03269295584765755,"val/es_acc":[0.561899321348728,0.5845181985789297,0.5877241899878479,0.45561176962372657],"train/CLIP_loss":0.0033349483273923397,"val/eval_auc_attr3_group2":0.515,"val/eval_es_acc_attr2":0.5877241899878479,"val/eval_auc_attr2_group0":0.6479106556561537,"_wandb":{"runtime":3165},"val/eval_es_acc_attr3":0.45561176962372657,"val/eval_auc_attr1_std_group_disparity":0.03184315851052182,"val/eval_auc_attr2_group1":0.6425339366515836,"val/eval_auc_attr3_max_group_disparity":0.4399637572258377,"val/eval_dpd_attr1":0.020019524472677297,"val/eval_eod_attr1":0.036170049200491994,"_timestamp":1.739123438190113e+09,"val/es_auc":[0.552894789136292,0.6221154069640782,0.6443163225632774,0.5027991811423196],"val/eval_es_acc_attr0":0.561899321348728,"val/loss":0.6905005892117818,"val/eval_auc_attr1_group0":0.6324144957867489,"val/eval_es_acc_attr1":0.5845181985789297,"val/eval_auc_attr0_group1":0.7202881152460986,"val/eval_dpd_attr0":0.12283525044346505,"val/eval_auc_attr3_group1":0.8,"_step":9,"val/eval_auc_attr1_max_group_disparity":0.06368631702104365,"val/eval_auc_attr0_max_group_disparity":0.1540553986795605,"val/acc":0.597872340425532,"val/eval_auc_attr2_std_group_disparity":0.004150107885610879,"val/eval_auc_attr3_std_group_disparity":0.17986603036361104,"val/eval_auc_attr0_group2":0.6204940119760479,"val/eval_eod_attr3":0.27499999999999997,"_runtime":3165.928856578,"val/eval_auc_attr0_std_group_disparity":0.07237440444759383,"val/eval_eod_attr2":0.04365428621721529,"train/distance":0.1210910826921463,"val/eval_dpd_attr3":0.21721826560536237,"val/eval_auc_attr1_group1":0.6736692583732057,"val/auc":0.6477806303797582,"val/eval_eod_attr0":0.11420017108639863}