{"val/eval_dpd_attr1":0.047307519697972145,"val/eval_auc_attr0_std_group_disparity":0.06561533892373492,"val/eval_dpd_attr3":0.1444700460829493,"_step":0,"val/eval_auc_attr1_max_group_disparity":0.1233021572099795,"val/es_acc":[0.5424991966464242,0.5729288349524876,0.5532363184937412,0.4814029578494403],"val/eval_auc_attr1_group0":0.6400424078867655,"val/eval_auc_attr1_group1":0.7230612041467305,"val/acc":0.6106382978723405,"val/eval_auc_attr0_max_group_disparity":0.15794364262156887,"val/eval_dpd_attr2":0.05094501050011667,"val/eval_auc_attr2_group0":0.6709133419560243,"val/eval_auc_attr2_group1":0.7579185520361991,"val/eval_eod_attr1":0.10455104551045508,"val/eval_auc_attr3_group2":0.5675,"val/eval_es_acc_attr0":0.5424991966464242,"val/eval_auc_attr3_group0":0.663533674339301,"val/eval_auc_attr1_std_group_disparity":0.06165107860498975,"val/eval_eod_attr3":0.2,"train/loss":0.10360263058117458,"val/eval_es_acc_attr2":0.5532363184937412,"val/eval_auc_attr3_group1":0.8666666666666667,"_wandb":{"runtime":393},"val/eval_eod_attr2":0.08458017954585459,"val/eval_auc_attr3_max_group_disparity":0.4443318504620103,"val/eval_auc_attr3_std_group_disparity":0.18523180528890168,"val/eval_eod_attr0":0.10142979347427594,"train/distance":0.0054788170382380486,"val/eval_auc_attr2_max_group_disparity":0.12922290583206694,"val/loss":1.240133879582087,"val/auc":0.6732955703166388,"val/eval_auc_attr2_std_group_disparity":0.06461145291603347,"val/es_auc":[0.5853043656412427,0.6216841043218816,0.6194041795503245,0.5143867965999593],"_runtime":392.743604386,"val/eval_auc_attr0_group1":0.7172869147659063,"val/eval_es_acc_attr3":0.4814029578494403,"_timestamp":1.7391335411822104e+09,"val/eval_auc_attr0_group0":0.7531017369727047,"val/eval_dpd_attr0":0.10663277435400398,"train/CLIP_loss":0.10359716415405273,"val/eval_auc_attr0_group2":0.6467589820359281,"val/eval_es_acc_attr1":0.5729288349524876}