{"val/eval_auc_attr3_max_group_disparity":0.13811847565726734,"val/es_acc":[0.4046677846598757,0.4955632325059455,0.4541026135924976,0.3340182287396154],"val/eval_eod_attr3":0,"val/eval_es_acc_attr1":0.4955632325059455,"val/eval_auc_attr1_group0":0.4926818857740816,"val/eval_eod_attr1":0,"train/loss":3608.851982134118,"val/eval_eod_attr2":0,"val/eval_auc_attr3_group1":0.5380952380952382,"val/eval_es_acc_attr3":0.3340182287396154,"train/CLIP_loss":759.0247192382812,"val/eval_auc_attr1_max_group_disparity":0.12554353032786933,"val/eval_auc_attr3_group0":0.4732736572890026,"val/eval_auc_attr3_group2":0.47625,"val/eval_auc_attr0_group2":0.49670658682634733,"val/eval_auc_attr1_std_group_disparity":0.06277176516393466,"val/eval_dpd_attr0":0,"val/eval_auc_attr0_group0":0.33002481389578164,"_step":9,"val/es_auc":[0.4019684054019137,0.4432050717536165,0.46429520611299857,0.434690032893786],"val/eval_auc_attr2_group1":0.4796380090497737,"val/loss":0.6931444744269053,"val/eval_dpd_attr3":0,"val/eval_auc_attr0_max_group_disparity":0.3551569108725885,"val/eval_es_acc_attr0":0.4046677846598757,"val/auc":0.4693186809206207,"val/eval_dpd_attr2":0,"val/eval_auc_attr2_std_group_disparity":0.010461000125024263,"val/eval_auc_attr2_group0":0.46981892349020005,"_timestamp":1.7391274072407732e+09,"val/eval_auc_attr2_max_group_disparity":0.020922000250048527,"val/eval_auc_attr3_std_group_disparity":0.0636675520337882,"val/eval_es_acc_attr2":0.4541026135924976,"val/eval_eod_attr0":0,"val/eval_auc_attr0_std_group_disparity":0.15582132273408633,"train/distance":7.89579456e+08,"val/eval_dpd_attr1":0,"val/eval_auc_attr0_group1":0.470188075230092,"_runtime":3441.607737201,"_wandb":{"runtime":3441},"val/acc":0.5074468085106383,"val/eval_auc_attr1_group1":0.43376196172248804}