{"val/eval_auc_attr3_group1":0.6000000000000001,"val/eval_es_acc_attr1":0.5076788219907218,"val/loss":0.3521497158680932,"val/eval_es_acc_attr2":0.5349815525627875,"val/acc":0.5351063829787234,"val/eval_auc_attr2_group1":0.49095022624434387,"val/eval_auc_attr2_group0":0.5470002984777634,"_step":9,"val/eval_es_acc_attr3":0.3910189280542185,"val/es_acc":[0.4810984279125193,0.5076788219907218,0.5349815525627875,0.3910189280542185],"val/eval_eod_attr1":0.09803582410824108,"val/eval_auc_attr1_group1":0.5636338716108453,"val/eval_auc_attr1_max_group_disparity":0.051136335543863855,"val/eval_dpd_attr1":0.05179999907466956,"val/eval_auc_attr0_group1":0.4881952781112445,"val/eval_auc_attr1_group0":0.5357300214793193,"train/loss":0.003572443947462099,"val/eval_auc_attr2_std_group_disparity":0.05135841985023584,"val/eval_auc_attr1_std_group_disparity":0.025568167771931927,"_runtime":3087.163581917,"val/eval_eod_attr3":0.44999999999999996,"train/distance":0.06274541467428207,"val/eval_dpd_attr0":0.06238347913380177,"val/eval_es_acc_attr0":0.4810984279125193,"val/eval_auc_attr2_max_group_disparity":0.10271683970047168,"val/eval_auc_attr0_group2":0.5486714071856287,"val/eval_auc_attr0_max_group_disparity":0.1398648796956077,"val/eval_auc_attr0_std_group_disparity":0.060266232423379126,"val/eval_dpd_attr2":0.1666537035596692,"val/es_auc":[0.5055750624306616,0.5308624840406014,0.5167137483184688,0.47226033421472363],"_wandb":{"runtime":3087},"val/eval_auc_attr3_group2":0.4475,"val/eval_auc_attr3_std_group_disparity":0.1161001890199005,"val/eval_eod_attr0":0.06912442396313367,"train/CLIP_loss":0.0035718160215765238,"val/eval_eod_attr2":0.18007393064601307,"val/eval_auc_attr3_group0":0.5486306479113385,"val/eval_dpd_attr3":0.33999999999999997,"val/eval_auc_attr3_max_group_disparity":0.27947007791690537,"val/auc":0.5456755912357201,"_timestamp":1.7391192008506107e+09,"val/eval_auc_attr0_group0":0.5645161290322581}