{"val/eval_auc_attr3_max_group_disparity":0.32447504456849857,"val/eval_eod_attr3":0.11666666666666667,"val/acc":0.573404255319149,"val/eval_dpd_attr3":0.06181818181818183,"_step":4,"val/es_auc":[0.5711090134635337,0.5740149156106409,0.5805647492710074,0.5055364877813093],"val/eval_es_acc_attr0":0.4878448327554353,"val/eval_es_acc_attr3":0.4268731975325493,"_timestamp":1.7391192060255492e+09,"val/es_acc":[0.4878448327554353,0.5316361630937951,0.5264896098818057,0.4268731975325493],"train/distance":0.06134556233882904,"val/eval_auc_attr3_group1":0.657142857142857,"val/eval_dpd_attr2":0.03660781416089809,"val/eval_auc_attr0_group2":0.6098615269461077,"val/eval_es_acc_attr2":0.5264896098818057,"val/auc":0.6075747902431956,"train/CLIP_loss":0.010792003944516182,"val/eval_auc_attr2_group1":0.5633484162895928,"val/eval_eod_attr0":0.06155365371955235,"_runtime":1574.492152654,"val/eval_auc_attr0_std_group_disparity":0.04392950678313367,"val/eval_auc_attr1_std_group_disparity":0.048113550992980016,"val/eval_eod_attr1":0.08133456334563346,"val/eval_auc_attr3_group2":0.45999999999999996,"_wandb":{"runtime":1574},"val/eval_auc_attr0_group0":0.6215880893300247,"val/eval_es_acc_attr1":0.5316361630937951,"val/eval_auc_attr1_group0":0.5861719997796992,"val/eval_auc_attr3_group0":0.6122735507246376,"val/eval_auc_attr2_std_group_disparity":0.038286427022802584,"train/loss":0.010792615312018564,"val/eval_auc_attr0_max_group_disparity":0.10132757434116194,"val/eval_dpd_attr0":0.06770281408218534,"val/loss":0.3517469450578851,"val/eval_auc_attr2_group0":0.6098721520246742,"val/eval_auc_attr1_group1":0.6446371610845295,"val/eval_dpd_attr1":0.01321371894937981,"val/eval_auc_attr0_group1":0.5600240096038415,"val/eval_eod_attr2":0.05483189579299419,"val/eval_auc_attr1_max_group_disparity":0.09622710198596003,"val/eval_auc_attr2_max_group_disparity":0.07657285404560517,"val/eval_auc_attr3_std_group_disparity":0.13886477973414166}