{"val/eval_auc_attr2_group1":0.7601809954751131,"val/eval_auc_attr0_group0":0.7555831265508685,"val/eval_auc_attr3_std_group_disparity":0.18761349460498167,"val/eval_auc_attr0_group1":0.7196878751500599,"val/eval_es_acc_attr3":0.5304365861246501,"val/eval_dpd_attr2":0.006766741852687219,"val/eval_auc_attr1_group0":0.6406138128545464,"val/eval_auc_attr3_max_group_disparity":0.45134369047499073,"val/eval_es_acc_attr0":0.5523921349647125,"val/acc":0.6510638297872341,"val/eval_auc_attr1_group1":0.7236842105263157,"_runtime":381.465470524,"val/eval_auc_attr0_std_group_disparity":0.06728623426963706,"_timestamp":1.7391186840762165e+09,"val/eval_eod_attr2":0.22365728900255752,"val/es_auc":[0.5836004042859563,0.6222251439313351,0.6190540176632231,0.5128799975439164],"val/eval_auc_attr0_max_group_disparity":0.16170853669941326,"_wandb":{"runtime":384},"val/eval_es_acc_attr2":0.5679561908565738,"val/eval_dpd_attr0":0.16922078159574272,"val/eval_auc_attr1_max_group_disparity":0.12326564335693616,"train/loss":0.10360263058117458,"val/eval_auc_attr3_group1":0.8666666666666667,"val/eval_auc_attr3_group0":0.6641011295822677,"val/loss":0.3521298341831918,"val/eval_auc_attr3_group2":0.5625,"val/eval_auc_attr2_std_group_disparity":0.06574912563149,"val/eval_auc_attr2_max_group_disparity":0.13149825126298,"_step":0,"train/distance":0.0054788170382380486,"val/eval_es_acc_attr1":0.6189669760603086,"train/CLIP_loss":0.10359716415405273,"val/auc":0.673913634079085,"val/eval_auc_attr1_std_group_disparity":0.06163282167846808,"val/eval_dpd_attr3":0.2768663594470046,"val/eval_auc_attr2_group0":0.6715625310914336,"val/eval_eod_attr1":0.14310424354243545,"val/eval_eod_attr0":0.2166312536217886,"val/es_acc":[0.5523921349647125,0.6189669760603086,0.5679561908565738,0.5304365861246501],"val/eval_eod_attr3":0.5571428571428572,"val/eval_auc_attr0_group2":0.6466055389221558,"val/eval_dpd_attr1":0.08155399997224011}