{"val/eval_auc_attr1_max_group_disparity":0.06524986459861411,"val/eval_eod_attr3":0.35714285714285715,"val/eval_auc_attr3_group1":0.8095238095238095,"val/eval_es_acc_attr3":0.4695414844683728,"val/loss":1.4910105526447297,"val/eval_auc_attr3_group2":0.525,"val/eval_es_acc_attr2":0.569197619250327,"val/eval_dpd_attr2":0.0429078841616759,"val/eval_es_acc_attr1":0.5856210771374293,"val/eval_es_acc_attr0":0.5728547115338518,"val/acc":0.6085106382978723,"_timestamp":1.739138270240237e+09,"val/eval_auc_attr3_std_group_disparity":0.17888098102235683,"val/eval_eod_attr0":0.15042791310072418,"val/eval_auc_attr1_group1":0.6775817384370015,"val/eval_auc_attr0_group1":0.7214885954381752,"val/eval_auc_attr0_group2":0.6236002994011975,"train/CLIP_loss":0.0033349483273923397,"val/eval_auc_attr0_max_group_disparity":0.15307099207258945,"_runtime":3191.678594712,"val/eval_auc_attr1_group0":0.6350718731067907,"val/eval_dpd_attr3":0.17794302471721823,"val/eval_auc_attr0_group0":0.7233250620347396,"_step":9,"train/loss":0.0034560390460704055,"val/es_acc":[0.5728547115338518,0.5856210771374293,0.569197619250327,0.4695414844683728],"train/distance":0.1210910826921463,"val/es_auc":[0.5569654641451228,0.6249279383919585,0.6409839420125041,0.5055065963995963],"val/eval_auc_attr1_std_group_disparity":0.032624932299307054,"val/eval_eod_attr2":0.09961636828644502,"val/eval_auc_attr3_max_group_disparity":0.43672544954680437,"val/eval_dpd_attr1":0.019825205076362873,"val/eval_dpd_attr0":0.1424208620595066,"val/eval_auc_attr2_group1":0.667420814479638,"val/eval_auc_attr2_std_group_disparity":0.012583425464797305,"val/eval_auc_attr2_max_group_disparity":0.02516685092959461,"_wandb":{"runtime":3191},"val/eval_auc_attr2_group0":0.6510247736543627,"val/eval_auc_attr0_std_group_disparity":0.07150320808915227,"val/eval_auc_attr3_group0":0.6472239982949701,"val/auc":0.651493540894087,"val/eval_eod_attr1":0.059578720787207884}